{
  "ND300": {
    "best_model": "xgboost",
    "r2": 0.6841508006087686,
    "rmse": 0.12130654266635477,
    "mae": 0.038503160144269535
  },
  "NUD300": {
    "best_model": "xgboost",
    "r2": 0.9042237844016883,
    "rmse": 5.399040341653992,
    "mae": 2.015255190523125
  },
  "DENSITY": {
    "best_model": "catboost",
    "r2": 0.2000746957473727,
    "rmse": 1.1183119597019313,
    "mae": 0.3423651642717111
  },
  "TG": {
    "best_model": "xgboost",
    "r2": 0.8063103884005245,
    "rmse": 83.06143180104868,
    "mae": 47.424530269765484
  }
}