{
  "nd_min": 1.7000000476837158,
  "nd_max": 2.9779999256134033,
  "nud_min": 7.940000057220459,
  "nud_max": 230.6999969482422
}